Abington,https://ecode360.com/AB2001
Acton,https://www.acton-ma.gov/327/Town-Bylaws
Abington,https://ecode360.com/AB2001
Acton,https://www.acton-ma.gov/327/Town-Bylaws
Acushnet,https://www.acushnet.ma.us/sites/g/files/vyhlif2721/f/uploads/2020_bylaw_book_update.pdf
Adams,https://ecode360.com/AD2021
Agawam,https://ecode360.com/AG1041
Alford,https://www.townofalford.org/planning-board/pages/bylaws-documents-special-permits
Amesbury,https://ecode360.com/AM2893
Amherst,https://www.amherstma.gov/207/Home-Rule-Charter-General-Bylaws
Andover,https://ecode360.com/AN1471
Aquinnah,https://www.aquinnah-ma.gov/board-selectmen/pages/bylaws
Arlington,https://www.arlingtonma.gov/town-governance/laws-and-regulations/town-bylaws
Ashburnham,https://ecode360.com/AS4284
Ashby,https://ci.ashby.ma.us/documents/
Ashfield,https://ashfield.org/2426/Ashfield-Bylaws
Ashland,https://ecode360.com/AS1268
Athol,https://www.athol-ma.gov/home/pages/charter-and-bylaws
Attleboro,https://www.cityofattleboro.us/DocumentCenter/View/323
Auburn,https://www.auburnma.gov/251/Town-Charter-and-Bylaws
Avon,https://ecode360.com/AV1285
Ayer,https://ecode360.com/AY3858
Barnstable,https://ecode360.com/BA2043
Barre,https://ecode360.com/BA1830
Becket,https://www.townofbecket.org/home/pages/bylaws
Bedford,https://www.bedfordma.gov/287/Charter-Bylaws
Belchertown,https://ecode360.com/BE1703
Bellingham,https://www.ecode360.com/BE3069
Belmont,https://ecode360.com/BE3086
Berkley,https://www.townofberkleyma.com/town-clerk-office/pages/general-bylaws
Berlin,https://www.townofberlin.com/town-clerk/pages/town-laws
Bernardston,https://www.townofbernardston.org/zoning-board-appeals
Beverly,https://ecode360.com/BE3208
Billerica,https://www.town.billerica.ma.us/378/Town-Charter-By-Laws
Blackstone,https://www.ecode360.com/BL1107
Blandford,https://townofblandford.com/document-category/by-laws/
Bolton,https://www.ecode360.com/BO3017
Boston,https://codelibrary.amlegal.com/codes/boston/latest/boston_ma/0-0-0-1
Bourne,https://www.townofbourne.com/clerk/files/town-bylaws-approved-through-may-1-2023
Boxborough,https://www.boxborough-ma.gov/219/Laws-Bylaws
Boxford,https://ecode360.com/BO1742
Boylston,https://cms3.revize.com/revize/boylstonma/General%20By-Laws%20Revised%20May%202024_.pdf
Braintree,https://www.ecode360.com/BR0732
Brewster,https://www.ecode360.com/BR1068
Bridgewater,https://www.bridgewaterma.org/DocumentCenter/View/1128
Brimfield,https://www.brimfieldma.org/town-clerk/pages/general-laws-zoning
Brockton,https://library.municode.com/ma/brockton/codes/code_of_ordinances
Brookfield,https://www.brookfieldma.us/sites/g/files/vyhlif2871/f/uploads/town_of_brookfield_by-laws-january_2024.pdf
Brookline,https://www.brooklinema.gov/310/General-By-Laws
Buckland,https://www.town.buckland.ma.us/town-clerk/files/general-bylaws-amended-may-7-2022
Burlington,https://www.burlington.org/Archive.aspx?AMID=37
Cambridge,https://library.municode.com/ma/cambridge/codes/code_of_ordinances
Canton,https://www.town.canton.ma.us/DocumentCenter/View/10873/GENERAL-BY-LAWS-2023-
Carlisle,https://www.carlislema.gov/304/Bylaws
Carver,https://www.carverma.gov/laws-regulations/pages/town-bylaws
Charlemont,https://charlemont-ma.us/p/55/Planning-Board
Charlton,https://ecode360.com/CH3120
Chatham,https://ecode360.com/CH2233
Chelmsford,https://ecode360.com/CH1747
Chelsea,https://library.municode.com/ma/chelsea/codes/code_of_ordinances
Cheshire,https://www.cheshire-ma.gov/bylaws/
Chester,https://townofchester.net/bylaws-policies/
Chesterfield,https://www.townofchesterfieldma.com/sites/g/files/vyhlif7606/f/uploads/general_town_by-laws_2022.pdf
Chicopee,https://ecode360.com/CH1214
Chilmark,https://www.chilmarkma.gov/board-selectmen/pages/town-bylaws
Clarksburg,https://ecode360.com/CL4132
Clinton,https://www.clintonma.gov/308/Town-By-Laws
Cohasset,https://ecode360.com/CO3662
Colrain,https://colrain-ma.gov/f/0/18/
Concord,https://www.concordma.gov/quicklinks.aspx?CID=123
Conway,https://conwayma.gov/g/59/Planning-Board
Cummington,https://www.cummington-ma.gov/Bylaws.php?Bylaws
Dalton,https://ecode360.com/DA2211
Danvers,https://www.danversma.gov/DocumentCenter/View/256/Town-Bylaws-PDF
Dartmouth,https://www.ecode360.com/DA3629
Dedham,https://ecode360.com/DE3083
Deerfield,https://ecode360.com/DE0989
Dennis,https://www.town.dennis.ma.us/372/By-Laws-Rules-Regulations
Dighton,https://www.dighton-ma.gov/389/General-Town-Bylaws
Douglas,https://douglas-ma.gov/634/General-Bylaws
Dover,https://ecode360.com/DO1709
Dracut,https://www.dracutma.gov/793/Town-Bylaw-Documents
Dudley,https://ecode360.com/DU3778
Dunstable,https://www.dunstable-ma.gov/town-clerk/pages/ordinances-laws
Duxbury,https://www.town.duxbury.ma.us/duxbury-selectboard/pages/town-duxbury-laws
East Bridgewater,https://www.eastbridgewaterma.gov/town-clerk/files/town-laws
East Brookfield,https://www.eastbrookfieldma.us/board-of-assessors/files/town-bylaws
East Longmeadow,https://www.eastlongmeadowma.gov/260/Town-Code-Bylaws
Eastham,https://ecode360.com/EA1683
Easthampton,https://www.easthamptonma.gov/550/Charter-Ordinances
Easton,https://www.ecode360.com/EA1580
Edgartown,https://www.edgartown-ma.us/home/showpublisheddocument/14976/638234606473830000
Egremont,https://www.egremont-ma.gov/202/Zoning-Board-of-Appeals
Erving,https://www.erving-ma.gov/home/pages/town-code
Essex,https://www.essexma.org/home/pages/town-essex-bylaws
Everett,https://ecode360.com/EV4435
Fairhaven,https://ecode360.com/FA1596
Fall River,https://ecode360.com/FA3556
Falmouth,https://ecode360.com/FA1385
Fitchburg,https://ecode360.com/FI0879
Florida,https://www.townofflorida.org/forms/town-bylaws
Foxborough,https://www.ecode360.com/FO3116
Framingham,https://www.framinghamma.gov/242/Town-Bylaws
Franklin,https://ecode360.com/FR1096
Freetown,https://www.freetownma.gov/the-office-of-the-town-clerk/pages/bylaws-rules-regulations-policies-guidelines
Gardner,https://www.ecode360.com/GA3020
Georgetown,https://ecode360.com/GE1475
Gill,https://www.gillmass.org/f/0/66/
Gloucester,https://library.municode.com/ma/gloucester/codes/code_of_ordinances
Goshen,https://www.goshen-ma.us/departments/planning-board/
Gosnold,https://www.townofgosnold.org/bylaws
Grafton,https://www.grafton-ma.gov/1034/Grafton-By-Laws-PDF
Granby,https://www.granby-ma.gov/selectboard/pages/town-granby-laws
Granville,https://www.townofgranville.net/administration/files/town-granville-laws
Great Barrington,https://ecode360.com/GR1153
Greenfield,https://ecode360.com/GR1899
Groton,https://ecode360.com/GR1188
Groveland,https://ecode360.com/GR4008
Hadley,https://ecode360.com/HA2892
Halifax,https://www.halifax-ma.org/town-administrator/pages/laws-halifax-town-code
Hamilton,https://www.hamiltonma.gov/government/town-by-laws/
Hampden,https://www.hampdenma.gov/town-clerk/pages/bylaws
Hancock,https://.townhancock.ma.us/files/2019/10/ZONING-TOWN-OF-HANCOCK-ZONING-BY-LAWS-CURRENT.pdf
Hanover,https://www.hanover-ma.gov/home/pages/bylaws-regulations
Hanson,https://www.hanson-ma.gov/hanson-general-bylaws
Hardwick,https://www.hardwick-ma.gov/administration/page/town-administrator
Harvard,https://ecode360.com/HA1931
Harwich,https://ecode360.com/HA2805
Hatfield,https://www.townofhatfield.org/town-clerk/files/laws-general-town-2021
Haverhill,https://ecode360.com/HA0760
Hawley,https://townofheath.org/p/19/Town-Clerk
Heath,
Hingham,https://www.hingham-ma.gov/DocumentCenter/View/2464
Hinsdale,https://www.hinsdalemass.com/about/pages/town-bylaws
Holbrook,https://www.holbrookma.gov/323/Zoning-Board-of-Appeals
Holden,https://www.holdenma.gov/town-clerk/pages/town-charter-bylaws
Holland,https://town.holland.ma.us/bylaws-regulations
Holliston,https://www.townofholliston.us/town-clerk/pages/laws-regulations
Holyoke,https://library.municode.com/ma/holyoke/codes/code_of_ordinances
Hopedale,https://ecode360.com/HO1907
Hopkinton,https://www.hopkintonma.gov/departments/town_clerk/town_charter___bylaws/index.php
Hubbardston,https://www.hubbardstonma.us/planning-board/pages/bylaws-and-regulations
Hudson,https://www.townofhudson.org/town-clerk/pages/laws-regulations
Hull,https://ecode360.com/HU1183
Huntington,https://www.huntingtonma.us/about/page/bylaws-0
Ipswich,https://www.ipswichma.gov/733/Town-Charter-Bylaws
Kingston,https://www.kingstonma.gov/230/Bylaws-Regulations
Lakeville,https://ecode360.com/LA4165
Lancaster,https://www.ecode360.com/LA2689
Lanesborough,https://ecode360.com/LA3954
Lawrence,https://library.municode.com/ma/lawrence/codes/code_of_ordinances
Lee,https://ecode360.com/LE1695
Leicester,https://www.leicesterma.org/town-clerk-board-registrars/pages/bylaws
Lenox,https://www.townoflenox.com/selectmens-office/pages/town-laws-regulations-policies
Leominster,https://library.municode.com/ma/leominster/codes/code_of_ordinances
Leverett,https://www.leverett.ma.us/f/0/3/Code-of-Town-of-Leverett
Lexington,https://ecode360.com/LE1818
Leyden,https://townofleyden.com/p/3123/Bylaws
Lincoln,https://www.lincolntown.org/369/Bylaws
Littleton,https://www.ecode360.com/LI1092
Longmeadow,https://ecode360.com/LO3223
Lowell,https://ecode360.com/LO1990
Ludlow,https://www.ludlow.ma.us/282/Town-Bylaws
Lunenburg,https://www.ecode360.com/LU3524
Lynn,https://cityoflynn.hosted2.civiclive.com/cms/One.aspx?portalId=109810&pageId=136106
Lynnfield,https://ecode360.com/LY3190
Malden,https://malden.municipalcodeonline.com/book?type=ordinances#name=PREFACE
Manchester-by-the-Sea,https://www.manchester.ma.us/685/Bylaws-and-Regulations
Mansfield,https://www.ecode360.com/MA3212
Marblehead,https://ecode360.com/MA1991
Marion,https://www.ecode360.com/MA3633
Marlborough,https://ecode360.com/MA1056
Marshfield,https://ecode360.com/MA3521
Mashpee,https://www.mashpeema.gov/town-clerk/pages/bylaws
Mattapoisett,https://www.mattapoisett.net/237/Bylaws-Local-State-Waterfront-Rules-Regu
Maynard,https://www.townofmaynard-ma.gov/255/Charter-By-Laws
Medfield,https://www.ecode360.com/ME3164
Medford,https://library.municode.com/ma/medford/codes/code_of_ordinances
Medway,https://www.townofmedway.org/board-selectmen/pages/town-bylaws
Melrose,https://www.ecode360.com/ME1773
Mendon,https://www.mendonma.gov/home/pages/by-laws
Merrimac,https://townofmerrimac.com/town-clerk/
Methuen,https://www.methuen.gov/DocumentCenter/View/1309/City-Of-Methuen-Municipal-Code-PDF
Middleborough,https://www.ecode360.com/MI3637
Middlefield,https://www.middlefield-ma.com/how-to/town-bylaws
Middleton,https://ecode360.com/MI1639
Milford,https://www.milfordma.gov/DocumentCenter/View/297/Town-of-Milford-By-Laws-PDF
Millbury,https://ecode360.com/MI4816
Millis,https://www.millisma.gov/town-clerk/files/general-bylaws
Millville,https://www.ecode360.com/MI3077
Milton,https://www.townofmilton.org/404/Bylaws-Regulations
Monroe,---------------------------------------------------
Monson,https://www.monson-ma.gov/422/Bylaws
Montague,https://www.montague-ma.gov/files/TOWN_BY-LAWS-2021.pdf
Monterey,https://www.montereyma.gov/select-board/pages/town-bylaws
Montgomery,https://montgomeryma.gov/document-category/bylaws/
Mt. Washington,https://mountwashington-ma.gov/departments/town-clerk/town-bylaws-special-legislation/
Nahant,https://nahant.org/clerk/charter-bylaws/
Nantucket,https://ecode360.com/NA0948
Natick,https://www.natickma.gov/1017/Natick-Town-By-laws
Needham,https://www.needhamma.gov/1096/Publications-Reports-and-Studies
New Ashford,https://www.newashford-ma.us/town-documents/
New Bedford,https://library.municode.com/ma/new_bedford/codes/code_of_ordinances
New Braintree,https://www.newbraintreema.us/bylaws
New Marlborough,https://www.newmarlboroughma.gov/town-clerk/files/town-laws
New Salem,https://www.newsalemma.org/zoning-board-appeals
Newbury,https://www.ecode360.com/NE1833
Newburyport,https://library.municode.com/ma/newburyport/codes/code_of_ordinances
Newton,https://www.newtonma.gov/government/law/city-ordinances-and-charter
Norfolk,https://ecode360.com/NO3198
North Adams,https://ecode360.com/NO1445
North Andover,https://ecode360.com/NO1118
North Attleborough,https://ecode360.com/NO6556
North Brookfield,https://www.northbrookfield.net/planning-board/pages/town-zoning-bylaws
North Reading,https://www.ecode360.com/NO1817
Northampton,https://ecode360.com/NO2226
Northborough,https://ecode360.com/NO1065
Northbridge,https://ecode360.com/NO1101
Northfield,https://ecode360.com/NO3951
Norton,https://www.ecode360.com/NO3165
Norwell,https://ecode360.com/no3677
Norwood,https://ecode360.com/NO6678
Oak Bluffs,https://www.oakbluffsma.gov/356/General-By-Laws
Oakham,https://www.oakham-ma.gov/home/pages/town-bylaws
Orange,https://ecode360.com/OR1988
Orleans,https://ecode360.com/OR1150
Otis,https://townofotisma.com/boards/zoning-board-of-appeals/
Oxford,https://www.oxfordma.us/DocumentCenter/View/677/General-By-Laws-December-9-2022-PDF
Palmer,https://ecode360.com/PA1117
Paxton,https://www.townofpaxton.net/town-bylaws-and-regulations
Peabody,https://library.municode.com/ma/peabody
Pelham,https://pelhamma.gov/p/112/Code-of-the-Town-of-Pelham
Pembroke,https://www.pembroke-ma.gov/home/pages/bylaws
Pepperell,https://www.town.pepperell.ma.us/216/bylaws-records
Peru,https://www.townofperuma.com/town-clerk/files/laws-general
Petersham,https://townofpetersham.weebly.com/documents.html
Phillipston,https://www.phillipston-ma.gov/home/files/town-bylaws
Pittsfield,https://www.ecode360.com/PI1888
Plainfield,https://www.plainfield-ma.us/about-town-government/page/bylaws-and-policies
Plainville,https://www.ecode360.com/PL2720
Plymouth,https://www.plymouth-ma.gov/749/Town-Bylaws-Town-Charter
Plympton,https://ecode360.com/PL3845
Princeton,https://www.town.princeton.ma.us/town-clerk/pages/town-bylaws-general-and-zoning
Provincetown,https://www.provincetown-ma.gov/69/Bylaws-Regulations
Quincy,https://ecode360.com/QU3125
Randolph,https://www.ecode360.com/RA1509
Raynham,https://ecode360.com/RA4194
Reading,https://www.readingma.gov/488/Bylaws-Regulations-and-Policies
Rehoboth,https://www.town.rehoboth.ma.us/town-clerk/pages/bylaws-town-rehoboth
Revere,https://ecode360.com/RE6867
Richmond,https://www.richmondma.org/bylaws_and_regulations/index.php
Rochester,https://www.townofrochestermass.com/town-clerk/pages/zoning-laws
Rockland,https://ecode360.com/RO2188
Rockport,https://www.rockportma.gov/269/By-Laws
Rowe,https://rowe-ma.gov/f/0/9/Town-Clerk-Files
Rowley,https://www.townofrowley.net/about-rowley/pages/bylaws-general
Royalston,https://www.royalston-ma.gov/public-records/pages/laws
Russell,https://www.townofrussell.us/board-selectmen/pages/laws-regulations
Rutland,https://www.rutlandma.gov/347/Town-of-Rutland-Zoning-General-Bylaws
Salem,https://www.salem.com/city-clerk/pages/city-ordinances
Salisbury,https://ecode360.com/SA2220
Sandisfield,https://www.sandisfieldma.gov/sites/g/files/vyhlif1171/f/uploads/general_bylaws_2023.10.17_0.pdf
Sandwich,https://www.sandwichmass.org/DocumentCenter/View/125/Town-of-Sandwich-By-Laws-PDF?bidId
Saugus,https://www.saugus-ma.gov/town-clerk/files/town-laws-0
Savoy,https://townofsavoy.com/test-page/
Scituate,https://www.scituatema.gov/town-clerk/pages/general-bylaws
Seekonk,https://www.seekonk-ma.gov/DocumentCenter/View/1868/Town-By-laws-Effective-July-20-2022
Sharon,https://www.townofsharon.net/home/pages/by-laws
Sheffield,https://www.sheffieldma.gov/select-board/pages/bylaws-regulations
Shelburne,https://www.townofshelburne.com/f/0/14/
Sherborn,https://www.sherbornma.org/275/Town-Bylaw-Regulations
Shirley,https://www.shirley-ma.gov/297/Town-Zoning-Bylaws
Shrewsbury,https://shrewsburyma.gov/360/Town-Bylaws
Shutesbury,https://www.shutesbury.org/town_bylaws
Somerset,https://www.townofsomerset.org/338/Town-Bylaws
Somerville,https://library.municode.com/ma/somerville
South Hadley,https://ecode360.com/SO1428
Southampton,https://ecode360.com/SO4282
Southborough,https://ecode360.com/SO1070
Southbridge,https://ecode360.com/SO4832
Southwick,https://ecode360.com/SO1418
Spencer,https://www.spencerma.gov/town-clerk/pages/bylaws-regulations
Springfield,https://ecode360.com/SP2105
Sterling,https://www.sterling-ma.gov/town-clerk/pages/bylaws-regulations
Stockbridge,https://www.stockbridge-ma.gov/media/13821
Stoneham,https://www.stoneham-ma.gov/279/Town-Code
Stoughton,https://ecode360.com/ST0743
Stow,https://www.stow-ma.gov/town-clerk
Sturbridge,https://ecode360.com/ST4024
Sudbury,https://sudbury.ma.us/clerk/town-bylaws-current/
Sunderland,https://www.ecode360.com/SU0958
Sutton,https://www.suttonma.org/town-clerk/pages/laws-bylaws-town-charter
Swampscott,https://www.swampscottma.gov/home/pages/town-charter-bylaws
Swansea,https://ecode360.com/SW3945
Taunton,https://ecode360.com/TA3214
Templeton,https://ecode360.com/TE3586
Tewksbury,https://www.tewksbury-ma.gov/696/Charter-Bylaws
Tisbury,https://www.tisburyma.gov/welcome-tisbury/pages/bylaws-regulations
Tolland,https://www.tolland-ma.gov/town-laws
Topsfield,https://www.topsfield-ma.gov/town-clerk/pages/town-laws
Townsend,https://ecode360.com/TO1826
Truro,https://www.truro-ma.gov/home/pages/maps-bylaws
Tyngsborough,https://www.tyngsboroughma.gov/377/Zoning-Board-of-Appeals
Tyringham,https://www.tyringham-ma.gov/town-clerk/pages/bylaws
Upton,https://ecode360.com/UP3528
Uxbridge,https://www.uxbridge-ma.gov/town-clerk/pages/town-charter-laws
Wakefield,https://www.ecode360.com/WA1512
Wales,https://www.townofwales.net/town-clerk/pages/bylaws-town-wales
Walpole,https://ecode360.com/WA2756
Waltham,https://www.ecode360.com/WA1697
Ware,https://www.townofware.com/town_clerk/index.php
Wareham,https://www.wareham.ma.us/town-clerk/pages/town-laws
Warren,https://www.warren-ma.gov/town-clerk/pages/laws
Warwick,https://old.warwickma.org/documents/towngov/bylaws.pdf
Washington,https://www.washington-ma.gov/planning-board/pages/zoning-bylaws
Watertown,https://ecode360.com/WA4234
Wayland,https://ecode360.com/WA1635
Webster,https://www.ecode360.com/WE2719
Wellesley,https://www.wellesleyma.gov/243/Town-Bylaws-Regulations
Wellfleet,https://ecode360.com/WE1182
Wendell,https://www.wendellmass.us/planning-department-documents/
Wenham,https://ecode360.com/WE3658
West Boylston,https://www.westboylston-ma.gov/town-clerk/pages/bylaws-regulations
West Bridgewater,https://westbridgewaterma.org/bylaws/index.php
West Brookfield,https://www.wbrookfield.com/town-bylaws-zoning/
West Newbury,https://www.wnewbury.org/select-board/pages/bylaws-policy-and-procedures
West Springfield,https://ecode360.com/WE1103
West Stockbridge,https://ecode360.com/WE3861
West Tisbury,https://www.westtisbury-ma.gov/bylaws
Westborough,https://www.westboroughma.gov/home/pages/town-regulations
Westfield,https://library.municode.com/ma/westfield/codes/code_of_ordinances
Westford,https://www.westfordma.gov/DocumentCenter/Index/338
Westhampton,https://westhamptonma.gov/wp-content/uploads/general-revised_5-11-24-1.pdf
Westminster,https://ecode360.com/WE1584
Weston,https://www.weston.org/210/By-laws-Regulations
Westport,https://www.westport-ma.com/board-selectmen/pages/bylaws-regulations
Westwood,https://ecode360.com/WE2841
Weymouth,https://www.ecode360.com/WE0813
Whately,https://www.whately.org/home/pages/bylaws-regulations
Whitman,https://ecode360.com/WH3996
Wilbraham,https://www.wilbraham-ma.gov/DocumentCenter/View/2012
Williamsburg,https://www.burgy.org/town-clerk/files/general-government-bylaws-current-2021
Williamstown,https://www.ecode360.com/WI1660
Wilmington,https://www.wilmingtonma.gov/town-clerk/pages/bylaws-accepted-ma-general-laws
Winchendon,https://www.townofwinchendon.com/home/pages/local-codes-and-ordinances
Winchester,https://ecode360.com/WI4844
Windsor,https://www.windsormass.com/requests-1/town-bylaws
Winthrop,https://library.municode.com/ma/winthrop/codes/code_of_ordinances
Woburn,https://www.woburnma.gov/government/city-clerk/ordinances/
Worcester,https://www.worcesterma.gov/city-clerk/ordinances-regulations/
Worthington,https://worthington-ma.us/documents-bylaws/
Wrentham,https://ecode360.com/WR4159
Yarmouth,https://www.yarmouth.ma.us/852/Bylaws
